{"frames":{"rockerMouse0.png":{"frame":{"x":0,"y":0,"w":48,"h":48},"rotated":false,"trimmed":false,"spriteSourceSize":{"x":0,"y":0,"w":48,"h":48},"sourceSize":{"w":48,"h":48}},"rockerMouse1.png":{"frame":{"x":48,"y":0,"w":48,"h":48},"rotated":false,"trimmed":false,"spriteSourceSize":{"x":0,"y":0,"w":48,"h":48},"sourceSize":{"w":48,"h":48}},"rockerMouse2.png":{"frame":{"x":0,"y":48,"w":48,"h":48},"rotated":false,"trimmed":false,"spriteSourceSize":{"x":0,"y":0,"w":48,"h":48},"sourceSize":{"w":48,"h":48}},"rockerMouse3.png":{"frame":{"x":48,"y":48,"w":48,"h":48},"rotated":false,"trimmed":false,"spriteSourceSize":{"x":0,"y":0,"w":48,"h":48},"sourceSize":{"w":48,"h":48}},"rockerMouse4.png":{"frame":{"x":0,"y":96,"w":48,"h":48},"rotated":false,"trimmed":false,"spriteSourceSize":{"x":0,"y":0,"w":48,"h":48},"sourceSize":{"w":48,"h":48}},"rockerMouse5.png":{"frame":{"x":48,"y":96,"w":48,"h":48},"rotated":false,"trimmed":false,"spriteSourceSize":{"x":0,"y":0,"w":48,"h":48},"sourceSize":{"w":48,"h":48}}},"meta":{"app":"https://github.com/piskelapp/piskel/","version":"1.0","image":"rockerMouse.png","format":"RGBA8888","size":{"w":96,"h":144}}}