{"frames":{"CopGirlSprite0.png":{"frame":{"x":0,"y":0,"w":48,"h":48},"rotated":false,"trimmed":false,"spriteSourceSize":{"x":0,"y":0,"w":48,"h":48},"sourceSize":{"w":48,"h":48}},"CopGirlSprite1.png":{"frame":{"x":48,"y":0,"w":48,"h":48},"rotated":false,"trimmed":false,"spriteSourceSize":{"x":0,"y":0,"w":48,"h":48},"sourceSize":{"w":48,"h":48}},"CopGirlSprite2.png":{"frame":{"x":0,"y":48,"w":48,"h":48},"rotated":false,"trimmed":false,"spriteSourceSize":{"x":0,"y":0,"w":48,"h":48},"sourceSize":{"w":48,"h":48}},"CopGirlSprite3.png":{"frame":{"x":48,"y":48,"w":48,"h":48},"rotated":false,"trimmed":false,"spriteSourceSize":{"x":0,"y":0,"w":48,"h":48},"sourceSize":{"w":48,"h":48}},"CopGirlSprite4.png":{"frame":{"x":0,"y":96,"w":48,"h":48},"rotated":false,"trimmed":false,"spriteSourceSize":{"x":0,"y":0,"w":48,"h":48},"sourceSize":{"w":48,"h":48}}},"meta":{"app":"https://github.com/piskelapp/piskel/","version":"1.0","image":"CopGirlSprite.png","format":"RGBA8888","size":{"w":96,"h":144}}}