{"frames":{"cop2sprite0.png":{"frame":{"x":0,"y":0,"w":48,"h":48},"rotated":false,"trimmed":false,"spriteSourceSize":{"x":0,"y":0,"w":48,"h":48},"sourceSize":{"w":48,"h":48}},"cop2sprite1.png":{"frame":{"x":48,"y":0,"w":48,"h":48},"rotated":false,"trimmed":false,"spriteSourceSize":{"x":0,"y":0,"w":48,"h":48},"sourceSize":{"w":48,"h":48}},"cop2sprite2.png":{"frame":{"x":0,"y":48,"w":48,"h":48},"rotated":false,"trimmed":false,"spriteSourceSize":{"x":0,"y":0,"w":48,"h":48},"sourceSize":{"w":48,"h":48}},"cop2sprite3.png":{"frame":{"x":48,"y":48,"w":48,"h":48},"rotated":false,"trimmed":false,"spriteSourceSize":{"x":0,"y":0,"w":48,"h":48},"sourceSize":{"w":48,"h":48}},"cop2sprite4.png":{"frame":{"x":0,"y":96,"w":48,"h":48},"rotated":false,"trimmed":false,"spriteSourceSize":{"x":0,"y":0,"w":48,"h":48},"sourceSize":{"w":48,"h":48}}},"meta":{"app":"https://github.com/piskelapp/piskel/","version":"1.0","image":"cop2sprite.png","format":"RGBA8888","size":{"w":96,"h":144}}}